{"cameraMode":{"drawMode":0,"name":"Shaded","section":"Shading Mode"},"sceneLighting":true,"audioPlay":false,"sceneViewState":{"showFog":true,"showMaterialUpdate":false,"showSkybox":true,"showFlares":true,"showImageEffects":true,"showParticleSystems":true},"in2DMode":false,"pivot":{"x":7.620244979858398,"y":19.914064407348634,"z":-6.835781097412109},"rotation":{"x":-0.14824363589286805,"y":0.015423985198140145,"z":-0.0023122376296669246,"w":-0.9888278841972351},"size":2.8578836917877199,"orthographic":false}